{"cameraMode":{"drawMode":0,"name":"Shaded","section":"Shading Mode"},"sceneLighting":false,"audioPlay":false,"sceneViewState":{"m_AlwaysRefresh":false,"showFog":true,"showSkybox":false,"showFlares":true,"showImageEffects":true,"showParticleSystems":true,"showVisualEffectGraphs":true,"m_FxEnabled":true},"in2DMode":false,"pivot":{"x":1.9649944305419922,"y":0.876185417175293,"z":-4.894055366516113},"rotation":{"x":-0.0015201751375570894,"y":0.9905166625976563,"z":-0.13696978986263276,"w":-0.0109942015260458},"size":1.1119385957717896,"orthographic":false}